City_ID,City,Lat,Lng,Max Temp,Humidity,Cloudiness,Wind Speed,Country,Date
0,viedma,-40.8135,-62.9967,23.77,18,0,3.47,AR,1699543633
1,port-aux-francais,-49.35,70.2167,6.05,94,100,12.81,TF,1699543186
2,saipan,15.1355,145.701,28.39,78,20,5.14,MP,1699543633
3,waitangi,-43.9535,-176.5597,8.29,74,95,13.14,NZ,1699543187
4,pundong,-7.9522,110.3486,25.54,87,100,0.86,ID,1699543634
5,longquan,24.6719,102.1613,13.68,81,20,1.26,CN,1699543634
6,anadyr,64.75,177.4833,-6.72,79,47,3.0,RU,1699543340
7,west island,-12.1568,96.8225,26.99,83,40,4.12,CC,1699543232
8,edinburgh of the seven seas,-37.0676,-12.3116,13.0,75,18,5.67,SH,1699543194
9,port elizabeth,-33.918,25.5701,20.73,61,0,3.6,ZA,1699543235
10,dunedin,-45.8742,170.5036,4.44,87,6,2.21,NZ,1699542987
11,nova sintra,14.8667,-24.7167,22.53,68,98,6.88,CV,1699543376
12,tiksi,71.6872,128.8694,-18.84,93,100,3.63,RU,1699543222
13,bismarck,46.8083,-100.7837,0.91,80,40,7.72,US,1699543336
14,bredasdorp,-34.5322,20.0403,20.59,50,0,4.96,ZA,1699543173
15,hermanus,-34.4187,19.2345,19.63,64,0,5.78,ZA,1699543300
16,anna regina,7.2644,-58.5077,28.41,80,78,3.37,GY,1699543636
17,xilin hot,43.9667,116.0333,-14.58,85,8,4.67,CN,1699543278
18,pathein,16.7833,94.7333,23.97,83,46,2.85,MM,1699543197
19,aral,40.5156,81.2636,10.19,24,29,2.69,CN,1699543637
20,grytviken,-54.2811,-36.5092,1.55,99,99,2.25,GS,1699543188
21,igurubi,-4.0,33.7,32.47,23,100,4.62,TZ,1699543637
22,pasuquin,18.3328,120.6177,26.97,89,20,1.03,PH,1699543637
23,cabo san lucas,22.8909,-109.9124,27.64,79,20,2.06,MX,1699543638
24,dolores,-36.3132,-57.6792,22.68,22,21,3.18,AR,1699543638
25,wailua homesteads,22.0669,-159.378,25.44,78,0,9.26,US,1699543195
26,yellowknife,62.456,-114.3525,-0.88,97,100,8.23,CA,1699543202
27,namtsy,62.7161,129.6658,-26.13,99,95,0.45,RU,1699543639
28,isafjordur,66.0755,-23.124,4.02,65,75,6.17,IS,1699543211
29,khark,29.2614,50.3306,26.01,65,0,2.06,IR,1699543639
30,kismayo,-0.3582,42.5454,27.31,78,95,3.68,SO,1699543639
31,keningau,5.3378,116.1602,22.95,98,100,0.39,MY,1699543640
32,aspen,39.1911,-106.8175,-0.7,86,75,1.54,US,1699543640
33,lillehammer,61.1146,10.4674,1.85,99,100,1.39,NO,1699543640
34,arzua,42.9333,-8.15,12.92,87,95,3.1,ES,1699543641
35,port mathurin,-19.6833,63.4167,25.05,70,1,7.25,MU,1699543261
36,blackmans bay,-43.0167,147.3167,14.74,93,2,2.47,AU,1699543196
37,copiapo,-27.3667,-70.3333,15.83,52,88,1.58,CL,1699543642
38,longyearbyen,78.2186,15.6401,-3.09,100,100,2.06,SJ,1699543234
39,inhambane,-23.865,35.3833,25.99,61,40,5.66,MZ,1699543269
40,carnarvon,-24.8667,113.6333,20.63,75,67,10.0,AU,1699543410
41,kangding,30.0513,101.9603,7.14,94,100,0.77,CN,1699543642
42,vilyuysk,63.7553,121.6247,-22.53,98,20,2.27,RU,1699543643
43,puerto natales,-51.7236,-72.4875,13.25,35,40,11.32,CL,1699543186
44,afaahiti,-17.75,-149.2833,21.93,85,92,7.08,PF,1699543212
45,kapa'a,22.0752,-159.319,26.18,78,0,9.26,US,1699543643
46,avarua,-21.2078,-159.775,23.03,83,40,6.17,CK,1699543257
47,tamanrasset,22.785,5.5228,27.95,9,0,2.06,DZ,1699543644
48,tazovsky,67.4667,78.7,-3.06,86,100,8.74,RU,1699543196
49,oak hill,37.9723,-81.1487,19.45,73,100,3.93,US,1699543577
50,champerico,14.3,-91.9167,32.3,79,40,1.24,GT,1699543644
51,galesong,-5.3166,119.3661,27.01,72,39,2.77,ID,1699543645
52,vadso,70.0744,29.7487,-2.91,93,75,4.63,NO,1699543258
53,novodvinsk,64.4165,40.8122,-5.68,97,94,0.66,RU,1699543645
54,karratha,-20.7377,116.8463,30.84,35,0,5.41,AU,1699543214
55,puerto ayora,-0.7393,-90.3518,27.98,100,100,4.02,EC,1699543235
56,fallon,39.4735,-118.7774,-6.07,79,0,0.0,US,1699543646
57,aykhal,66.0,111.5,-14.67,93,100,1.85,RU,1699543646
58,axim,4.8699,-2.2405,27.6,78,48,4.29,GH,1699543241
59,olonkinbyen,70.9221,-8.7187,-1.57,71,100,3.68,SJ,1699543247
60,baddi,30.9578,76.7914,20.28,42,2,2.63,IN,1699543647
61,minas de marcona,-15.2119,-75.1103,19.49,59,45,3.11,PE,1699543647
62,mukalla,14.5425,49.1242,27.09,65,11,1.74,YE,1699543647
63,punta arenas,-53.15,-70.9167,11.06,43,40,13.89,CL,1699543202
64,vallenar,-28.5708,-70.7581,23.11,45,82,2.25,CL,1699543648
65,yuzhno-kurilsk,44.0306,145.8556,9.1,71,94,9.99,RU,1699543648
66,iqaluit,63.7506,-68.5145,-1.15,68,100,6.71,CA,1699543138
67,"laikit, laikit ii (dimembe)",1.4792,124.9735,22.47,94,20,1.03,ID,1699543304
68,hamilton,39.1834,-84.5333,14.8,72,75,7.2,US,1699543134
69,adamstown,-25.066,-130.1015,22.33,87,100,6.47,PN,1699543201
70,petropavlovsk-kamchatsky,53.0452,158.6483,-2.67,73,20,9.39,RU,1699543232
71,pinheiro machado,-31.5783,-53.3811,20.16,49,60,3.73,BR,1699543649
72,polyarnyy,69.1989,33.4478,-6.94,92,88,4.14,RU,1699543377
73,ushuaia,-54.8,-68.3,10.81,38,0,6.17,AR,1699543208
74,invercargill,-46.4,168.35,2.79,91,3,0.45,NZ,1699543234
75,klyuchi,52.2667,79.1667,1.46,70,40,4.04,RU,1699543357
76,koryazhma,61.3143,47.1691,-0.05,78,75,2.03,RU,1699543650
77,hirara,24.8,125.2833,24.92,94,42,2.06,JP,1699543650
78,okhotsk,59.3833,143.3,-19.2,86,8,5.85,RU,1699543651
79,bethel,41.3712,-73.414,10.92,73,100,2.06,US,1699543189
80,hauterive,46.0901,3.4459,13.42,70,53,4.98,FR,1699543651
81,vilyuchinsk,52.9306,158.4028,-1.85,80,82,3.66,RU,1699543249
82,bossangoa,6.4926,17.4552,30.31,63,62,1.4,CF,1699543257
83,daru,-9.0763,143.2092,24.62,81,96,4.6,PG,1699543652
84,lovington,32.944,-103.3485,8.9,72,100,1.79,US,1699543652
85,flin flon,54.7682,-101.865,-1.09,86,100,4.12,CA,1699543653
86,voinjama,8.4219,-9.7478,25.16,81,79,1.39,LR,1699543653
87,pisco,-13.7,-76.2167,20.03,83,100,3.09,PE,1699543338
88,belmonte,-15.8631,-38.8828,27.93,60,13,3.62,BR,1699543653
89,sitka,57.0531,-135.33,7.94,81,100,3.09,US,1699543201
90,de queen,34.0379,-94.3413,19.47,82,100,2.06,US,1699543654
91,iwanai,42.9744,140.5089,10.73,89,50,3.52,JP,1699543654
92,qaqortoq,60.7167,-46.0333,-0.54,89,96,1.91,GL,1699543223
93,weno,7.4515,151.8468,28.12,81,98,9.7,FM,1699543190
94,mouila,-1.8685,11.0559,27.85,89,76,1.68,GA,1699543655
95,bikenibeu village,1.3673,173.1241,27.98,83,40,4.12,KI,1699543255
96,hawaiian paradise park,19.5933,-154.9731,21.69,89,75,2.57,US,1699543213
97,tynda,55.1667,124.7167,-20.74,95,85,1.57,RU,1699543655
98,brasileia,-11.0161,-68.7481,29.25,79,75,2.06,BR,1699543655
99,aasiaat,68.7098,-52.8699,-3.48,73,99,4.98,GL,1699543336
100,chandur,19.7333,79.1833,23.32,47,27,0.91,IN,1699543656
101,quixada,-4.9714,-39.0153,35.73,26,0,4.26,BR,1699543527
102,san antonio de pale,-1.4014,5.6325,26.19,78,22,4.91,GQ,1699543330
103,ust'-ilimsk,58.0006,102.6619,-16.42,96,19,0.45,RU,1699543656
104,namibe,-15.1961,12.1522,23.79,61,17,5.29,AO,1699543299
105,zgurovka,50.5028,31.7849,6.89,84,7,3.78,UA,1699543657
106,sao gabriel da cachoeira,-0.1303,-67.0892,34.44,49,25,0.73,BR,1699543657
107,posse,-14.0931,-46.3694,35.29,19,0,1.98,BR,1699543657
108,keflavik,64.0049,-22.5624,4.95,75,0,2.57,IS,1699543351
109,college,64.8569,-147.8028,3.18,62,100,5.66,US,1699543131
110,talnakh,69.4865,88.3972,-5.44,91,100,8.14,RU,1699543196
111,kamloops,50.6665,-120.3192,0.87,92,40,6.69,CA,1699543658
112,terrace,54.5163,-128.6035,5.12,100,100,0.0,CA,1699543659
113,nizao,18.25,-70.2,30.82,61,6,7.7,DO,1699543659
114,naha,26.2125,127.6811,26.15,89,20,5.14,JP,1699543659
115,ribeira grande,38.5167,-28.7,21.22,94,75,8.94,PT,1699543237
116,nemuro,43.3236,145.575,12.04,84,96,11.46,JP,1699543254
117,santa vitoria do palmar,-33.5189,-53.3681,20.52,47,0,3.21,BR,1699543178
118,sirte,31.2089,16.5887,24.3,63,34,2.8,LY,1699543236
119,tsiombe,-25.3,45.4833,24.77,63,50,6.02,MG,1699543289
120,nadym,65.5333,72.5167,-3.11,86,100,7.14,RU,1699543660
121,barguzin,53.6167,109.6167,-12.59,91,74,1.01,RU,1699543660
122,gobabis,-22.45,18.9667,35.06,8,0,3.8,NA,1699543661
123,cidade velha,14.9167,-23.6167,28.26,51,75,7.2,CV,1699543416
124,harper,4.375,-7.7169,25.87,86,100,4.33,LR,1699543661
125,nikolayevsk-on-amure,53.1406,140.73,-8.88,99,99,1.37,RU,1699543661
126,yamada,39.4667,141.95,12.09,89,5,3.8,JP,1699543661
127,chonchi,-42.6128,-73.8092,11.56,46,23,1.84,CL,1699543195
128,bilibino,68.0546,166.4372,-21.0,99,98,1.24,RU,1699543195
129,urangan,-25.3,152.9,21.12,69,0,3.07,AU,1699543662
130,wagar,16.1525,36.2032,35.06,29,37,1.63,SD,1699543524
131,margaret river,-33.95,115.0667,11.8,65,77,4.09,AU,1699543233
132,gasa,31.5,34.4667,23.26,72,0,4.9,PS,1699543663
133,sittwe,20.15,92.9,24.43,76,28,4.58,MM,1699543646
134,jamestown,42.097,-79.2353,8.07,97,100,4.63,US,1699543226
135,vylkove,45.4021,29.586,12.24,46,6,3.28,UA,1699543663
136,boda,4.3189,17.4695,28.42,74,100,1.45,CF,1699543663
137,jieshi,22.8134,115.8257,24.59,81,94,3.98,CN,1699543664
138,lihue,21.9789,-159.3672,25.77,72,0,9.26,US,1699543222
139,thompson,55.7435,-97.8558,-6.91,79,100,4.12,CA,1699543201
140,amahai,-3.3333,128.9167,25.94,86,93,1.0,ID,1699543664
141,albany,42.6001,-73.9662,4.97,78,100,3.57,US,1699542920
142,nacozari de garcia,30.3742,-109.6908,15.79,46,15,2.06,MX,1699543664
143,port saint john's,-31.6229,29.5448,20.69,70,75,1.99,ZA,1699543665
144,tokar,18.4254,37.729,30.69,58,2,7.78,SD,1699543665
145,taoudenni,22.6783,-3.9836,31.37,8,0,4.56,ML,1699543270
146,aligudarz,33.4006,49.6949,13.25,30,0,1.34,IR,1699543666
147,ovalle,-30.5983,-71.2003,21.4,50,100,0.61,CL,1699543667
148,ilulissat,69.2167,-51.1,-2.99,86,100,4.63,GL,1699543188
149,lompoc,34.6391,-120.4579,13.11,82,0,2.57,US,1699543355
150,whitehorse,60.7161,-135.0538,5.43,70,75,9.77,CA,1699543200
151,papatowai,-46.5619,169.4708,3.53,83,4,1.45,NZ,1699543187
152,ha tinh,18.3333,105.9,24.77,94,62,1.41,VN,1699543668
153,aquin,18.2833,-73.4,30.39,64,4,1.57,HT,1699543668
154,stanley,54.868,-1.6985,7.66,83,20,1.03,GB,1699542966
155,vrangel',42.7297,133.0839,6.21,77,100,6.58,RU,1699543668
156,coxen hole,16.3244,-86.5366,28.6,74,20,2.06,HN,1699543669
157,scottburgh,-30.2867,30.7532,18.97,84,99,0.65,ZA,1699543669
158,colonia,50.9333,6.95,12.2,73,20,3.6,DE,1699543029
159,port alfred,-33.5906,26.891,22.32,73,0,0.45,ZA,1699543314
160,itaituba,-4.2761,-55.9836,37.46,34,39,1.66,BR,1699543397
161,manavgat,36.7867,31.4431,21.28,77,8,1.6,TR,1699543670
162,smara,26.7384,-11.6719,30.94,17,5,4.25,EH,1699543670
163,la ronge,55.1001,-105.2842,-0.86,93,100,2.57,CA,1699543265
164,laojunmiao,39.8333,97.7333,1.08,37,55,1.23,CN,1699543357
165,brisas de zicatela,15.8369,-97.0419,28.29,61,0,2.57,MX,1699543671
166,ad dabbah,18.05,30.95,33.5,24,0,2.56,SD,1699543671
167,hithadhoo,-0.6,73.0833,27.18,82,62,4.52,MV,1699543671
168,diawara,15.022,-12.5437,36.83,12,72,2.09,SN,1699543671
169,saldanha,-33.0117,17.9442,25.03,71,0,9.45,ZA,1699543371
170,bundi,25.4417,75.6417,27.1,30,36,1.41,IN,1699543672
171,zelenoborskiy,66.845,32.3622,-4.94,90,99,1.12,RU,1699543672
172,tadine,-21.55,167.8833,21.02,64,94,6.92,NC,1699543229
173,narrabri,-30.3167,149.7833,17.51,82,100,0.45,AU,1699543672
174,kaleke mandi,31.9772,73.6026,23.75,37,9,2.6,PK,1699543673
175,st. john's,47.5649,-52.7093,6.82,98,100,6.17,CA,1699543367
176,ratne,51.6683,24.5303,7.08,69,14,3.4,UA,1699543673
177,palmer,42.1584,-72.3287,4.02,80,100,2.06,US,1699543673
178,hovd,48.0056,91.6419,-3.33,72,66,0.96,MN,1699543674
179,dabola,10.75,-11.1167,32.79,30,89,1.35,GN,1699543674
180,hilo,19.7297,-155.09,23.12,85,75,2.57,US,1699543154
181,sal rei,16.1833,-22.9167,28.11,54,75,8.75,CV,1699543674
182,bryne,58.7354,5.6477,8.65,84,100,4.63,NO,1699543674
183,fortuna,40.5982,-124.1573,5.75,97,0,3.09,US,1699543361
184,santa elena de uairen,4.6167,-61.1333,27.93,54,12,2.16,VE,1699543675
185,ad-damazin,11.7891,34.3592,30.42,49,72,1.64,SD,1699543675
186,usogorsk,63.4106,48.6872,0.37,96,100,3.39,RU,1699543675
187,el tigre,8.8875,-64.2454,30.34,56,11,5.49,VE,1699543676
188,flying fish cove,-10.4217,105.6791,25.82,88,75,3.6,CX,1699543676
189,selkirk,50.1436,-96.8845,-0.47,95,100,4.02,CA,1699543380
190,cascais,38.6979,-9.4215,18.9,63,20,9.83,PT,1699543446
191,esikhaleni,-28.871,31.8996,20.64,74,77,3.14,ZA,1699543676
192,atafu village,-8.5421,-172.5159,28.55,69,100,2.99,TK,1699543225
193,beterou,9.1992,2.2586,36.27,29,53,0.85,BJ,1699543677
194,acapulco de juarez,16.8634,-99.8901,28.08,74,91,1.13,MX,1699543281
195,farsan,32.2569,50.561,10.02,35,0,2.48,IR,1699543677
196,rio grande,-32.035,-52.0986,27.06,57,18,3.24,BR,1699543113
197,puerto lempira,15.2667,-83.7667,28.08,78,40,3.09,HN,1699543415
198,yaren,-0.5472,166.916,29.12,78,100,7.62,NR,1699543416
199,tralee,52.2704,-9.7026,10.14,76,75,8.75,IE,1699543678
200,charters towers,-20.1,146.2667,20.16,84,8,4.34,AU,1699543678
201,kinmparana,12.8402,-4.9199,37.85,14,99,2.63,ML,1699543679
202,nuevo laredo,27.4763,-99.5164,24.15,94,100,0.0,MX,1699543272
203,utrik,11.2278,169.8474,27.83,78,99,9.98,MH,1699543258
204,novyy turtkul',41.55,61.0167,9.95,40,98,3.14,UZ,1699543679
205,bubaque,11.2833,-15.8333,28.33,46,100,0.81,GW,1699543251
206,tshabong,-26.05,22.45,34.22,9,0,4.81,BW,1699543679
207,sarina,-21.4333,149.2167,20.9,1,2,2.03,AU,1699543299
208,beni,0.5,29.4667,21.77,79,82,1.01,CD,1699543680
209,lebu,-37.6167,-73.65,13.48,69,0,8.49,CL,1699543006
210,gadzhiyevo,69.2551,33.3362,-7.52,93,90,3.97,RU,1699543305
211,ta`u,-14.2336,-169.5144,27.15,80,100,4.13,AS,1699543680
212,kisangani,0.5167,25.2,24.88,82,100,0.87,CD,1699543681
213,alma,48.5501,-71.6491,-3.28,75,100,3.47,CA,1699543398
214,denia,38.8408,0.1057,23.19,43,66,4.02,ES,1699543681
215,ketchikan,55.3422,-131.6461,7.41,93,100,3.6,US,1699543681
216,kiunga,-6.1219,141.2906,22.92,97,100,0.95,PG,1699543239
217,uzgen,40.7699,73.3007,8.16,66,100,0.92,KG,1699543682
218,trinidad,-14.8333,-64.9,32.99,55,75,4.12,BO,1699543682
219,berezovyy,51.6667,135.7,-8.52,94,100,1.57,RU,1699543355
220,nantucket,41.2835,-70.0995,10.08,73,100,4.12,US,1699542970
221,ust-nera,64.5667,143.2,-30.35,99,82,1.72,RU,1699543300
222,ares,-6.1944,-35.1603,31.05,46,2,7.3,BR,1699543683
223,la passe,45.5549,-0.8967,14.13,76,36,9.94,FR,1699543346
224,cooper's town,26.8667,-77.5167,25.36,80,97,3.95,BS,1699543683
225,zaragoza,41.6561,-0.8773,17.23,47,20,5.14,ES,1699543584
226,kamina,-8.7386,24.9906,23.27,87,99,1.58,CD,1699543334
227,san luis de la loma,17.2706,-100.8939,28.14,70,84,1.45,MX,1699543368
228,newman,37.3138,-121.0208,6.27,47,1,0.85,US,1699543248
229,ivins,37.1686,-113.6794,7.29,55,0,0.89,US,1699543684
230,akjoujt,19.6969,-14.4164,33.22,11,5,4.49,MR,1699543684
231,isla del bosque,22.7333,-105.85,25.95,85,71,2.03,MX,1699543684
232,georgetown,5.4112,100.3354,26.96,92,40,2.57,MY,1699543220
233,kingston,17.997,-76.7936,32.53,55,20,3.09,JM,1699543007
234,jilib,0.4883,42.7854,26.7,79,100,2.57,SO,1699543685
235,tianshui,34.5439,105.6897,8.02,58,70,1.9,CN,1699543685
236,westport,41.1415,-73.3579,13.43,80,100,2.68,US,1699543446
237,liwale,-9.7667,37.9333,32.57,30,71,1.86,TZ,1699543686
238,codrington,-38.2667,141.9667,9.0,93,35,2.29,AU,1699543185
239,new norfolk,-42.7826,147.0587,15.4,98,8,1.39,AU,1699543278
240,valparaiso,-33.0393,-71.6273,19.44,64,75,3.09,CL,1699543590
241,kontagora,10.3999,5.4695,36.24,18,75,1.18,NG,1699543687
242,grand rapids,42.9634,-85.6681,9.05,69,20,6.69,US,1699543687
243,kamennomostskiy,44.2983,40.1856,8.81,95,100,2.53,RU,1699543688
244,constantia,44.1833,28.65,12.61,44,5,2.11,RO,1699543408
245,akureyri,65.6835,-18.0878,1.96,80,75,2.06,IS,1699543688
246,peace river,56.2501,-117.286,-2.97,98,100,0.0,CA,1699543383
247,ashmyany,54.425,25.9378,6.0,84,52,3.47,BY,1699543688
248,nar'yan-mar,67.6713,53.087,0.62,100,100,4.02,RU,1699543280
249,alofi,-19.0595,-169.9187,24.94,94,99,2.06,NU,1699543689
250,pulandian,39.3953,121.9669,0.99,45,22,5.57,CN,1699543690
251,puerto cabezas,14.0351,-83.3888,28.98,89,75,3.09,NI,1699543690
252,saudarkrokur,65.7461,-19.6394,-1.36,83,4,2.65,IS,1699543349
253,beloyarskiy,63.7119,66.6722,-1.67,88,100,2.68,RU,1699543418
254,makungu,-8.7333,35.2833,25.02,46,36,3.86,TZ,1699543691
255,sheboygan,43.7333,-87.9334,6.93,66,0,8.75,US,1699543691
256,dalandzadgad,43.5708,104.425,-8.9,23,73,3.46,MN,1699543359
257,gidole,5.65,37.3667,18.25,64,42,1.48,ET,1699543691
258,shimoda,34.6667,138.95,18.7,72,43,0.95,JP,1699543692
259,binhe,32.6883,112.8275,10.41,52,100,6.42,CN,1699543692
260,la'ie,21.6477,-157.9253,25.34,76,20,3.13,US,1699543192
261,kerikeri,-35.2268,173.9474,12.06,84,100,1.52,NZ,1699543288
262,cannonvale,-20.2833,148.7,22.66,73,1,4.56,AU,1699543693
263,ouadda,8.0777,22.4007,28.96,61,90,1.69,CF,1699543385
264,nangomba,-10.9,38.5,36.65,20,84,0.66,TZ,1699543693
265,argo,37.6333,22.7333,20.44,72,16,1.77,GR,1699543273
266,pachelma,53.2443,43.3521,5.69,95,100,4.02,RU,1699543694
267,christchurch,-43.5333,172.6333,9.39,84,75,3.6,NZ,1699543694
268,udachny,66.4167,112.4,-13.64,84,100,1.97,RU,1699543198
269,port blair,11.6667,92.75,27.02,89,40,1.03,IN,1699543214
270,kodiak,57.79,-152.4072,-0.27,59,0,6.69,US,1699543065
271,al minya,28.1099,30.7503,28.57,34,0,5.86,EG,1699543695
272,madras,13.0878,80.2785,26.09,90,75,2.57,IN,1699543616
273,taastrup,55.6517,12.2922,9.99,99,100,3.6,DK,1699543695
274,chilecito,-29.1619,-67.4974,24.65,22,1,2.96,AR,1699543696
275,buseresere,-3.0236,31.8747,25.13,60,91,2.62,TZ,1699543696
276,ulladulla,-35.35,150.4667,14.87,92,99,1.88,AU,1699543309
277,shitanjing,39.2342,106.3439,-3.26,30,73,3.7,CN,1699543696
278,minot air force base,48.4209,-101.3391,0.1,87,100,11.83,US,1699543630
279,bure,10.7,37.0667,16.27,85,89,1.25,ET,1699543697
280,nakhon si thammarat,8.25,100.0,26.0,82,76,1.34,TH,1699543697
281,zhuanghe,39.7008,122.9911,-0.54,46,10,6.42,CN,1699543698
282,mil'kovo,55.6078,37.7956,7.41,87,100,3.0,RU,1699543698
283,naifaru,5.4444,73.3657,26.55,80,100,0.35,MV,1699543698
284,popondetta,-8.7537,148.2534,22.95,95,97,0.69,PG,1699543698
285,kununurra,-15.7667,128.7333,29.99,48,75,1.03,AU,1699543318
286,sabang,5.8933,95.3214,27.35,75,100,3.99,ID,1699543699
287,preobrazheniye,42.9019,133.9064,7.77,85,98,5.23,RU,1699543700
288,bamyan,34.75,67.25,-1.25,73,30,1.99,AF,1699543700
289,masumbwe,-3.6333,32.1833,28.56,35,91,1.87,TZ,1699543700
290,lorengau,-2.0226,147.2712,26.75,86,100,4.82,PG,1699543701
291,fuglafjordur,62.244,-6.814,6.26,90,100,13.6,FO,1699543701
292,enewetak,11.3474,162.3373,28.22,77,100,9.28,MH,1699543238
293,saguenay,48.4168,-71.0657,-3.29,81,100,3.09,CA,1699543562
294,qarqaraly,49.4058,75.4742,4.1,83,99,7.99,KZ,1699543702
295,acarau,-2.8856,-40.12,32.02,54,21,9.63,BR,1699543331
296,nadi,-17.8,177.4167,24.0,88,75,1.03,FJ,1699543155
297,sarnia,42.9787,-82.4041,8.35,87,75,3.6,CA,1699543418
298,moyale,3.5167,39.0584,24.31,55,100,4.64,KE,1699543275
299,port lincoln,-34.7333,135.8667,16.96,78,20,3.91,AU,1699543359
300,horad zhodzina,54.0983,28.3325,7.15,86,53,2.83,BY,1699543703
301,laascaanood,8.4774,47.3597,28.46,27,39,4.49,SO,1699543703
302,pacific grove,36.6177,-121.9166,12.03,61,0,1.54,US,1699543101
303,naranjal,-2.6667,-79.6167,26.77,77,90,1.53,EC,1699543704
304,tolanaro,-25.0319,46.9987,22.77,93,100,2.51,MG,1699543186
305,ixtapa,20.7,-105.2,27.57,74,75,1.03,MX,1699543704
306,selfoss,63.9331,-20.9971,4.47,58,0,5.98,IS,1699543302
307,smithers,54.7804,-127.1743,6.18,61,100,2.57,CA,1699543705
308,bayeux,-7.125,-34.9322,31.35,51,40,6.69,BR,1699543705
309,castillos,-34.1667,-53.8333,19.76,41,4,3.76,UY,1699543389
310,la puebla de cazalla,37.2216,-5.3115,16.67,78,100,2.42,ES,1699543706
311,two rivers,44.1539,-87.5693,7.78,66,0,8.23,US,1699543706
312,merizo village,13.2658,144.6691,28.31,91,74,8.51,GU,1699543707
313,myeik,12.4333,98.6,26.44,87,99,1.22,MM,1699543707
314,quellon,-43.1167,-73.6167,11.55,58,7,3.75,CL,1699543218
315,ciudad constitucion,25.0369,-111.6644,22.6,63,1,2.46,MX,1699543592
316,cambria,35.5641,-121.0808,11.1,75,0,1.34,US,1699543464
317,vostochnyy,55.8167,37.8667,7.28,82,98,2.61,RU,1699543708
318,kailua-kona,19.6406,-155.9956,23.98,85,0,4.12,US,1699543233
319,yarmouth,41.7057,-70.2286,8.9,88,100,2.06,US,1699543441
320,torghay,49.6339,63.4981,8.12,64,92,4.2,KZ,1699543708
321,kayangel,8.0823,134.7173,29.11,74,50,4.63,PW,1699543396
322,asadabad,34.7824,48.1185,14.97,30,0,3.56,IR,1699543709
323,nanao,37.05,136.9667,17.88,76,99,1.79,JP,1699543709
324,oytal,42.9057,73.2697,7.64,78,100,0.45,KZ,1699543709
325,san mariano,7.5,126.0,23.18,91,66,0.94,PH,1699543710
326,minot,48.2325,-101.2963,0.12,80,100,8.75,US,1699543710
327,kodinsk,58.6881,99.1844,-13.64,96,9,0.61,RU,1699543710
328,north ward,-19.2454,146.8075,24.95,69,40,5.66,AU,1699543711
329,tuntum,-5.2581,-44.6489,37.92,28,55,3.06,BR,1699543711
330,la sarre,48.8002,-79.1996,-3.46,94,100,4.45,CA,1699543480
331,shache,38.4167,77.2406,10.55,21,94,2.2,CN,1699543711
332,nicoya,10.1483,-85.452,28.22,76,3,2.95,CR,1699543712
333,sao martinho,39.5144,-9.1311,17.94,70,94,1.34,PT,1699543712
334,zilair,52.2332,57.4392,4.37,92,99,1.56,RU,1699543712
335,alekseyevskoye,55.3071,50.1135,6.6,95,100,4.93,RU,1699543713
336,zhanaozen,43.3,52.8,14.46,46,73,7.57,KZ,1699543713
337,novyy urgal,51.0736,132.5642,-12.16,96,86,0.97,RU,1699543714
338,praia da vitoria,38.7333,-27.0667,22.14,78,75,9.28,PT,1699543306
339,saint-denis,48.9167,2.3333,11.43,86,75,6.69,FR,1699543714
340,houghton,47.1219,-88.569,3.79,90,100,10.29,US,1699543666
341,honefoss,60.168,10.2565,2.96,99,100,1.83,NO,1699543715
342,fale old settlement,-9.3852,-171.2468,28.43,73,100,2.02,TK,1699543301
343,al muwayh,22.4333,41.7583,26.27,25,26,4.36,SA,1699543715
344,fort bragg,35.139,-79.006,21.39,64,100,4.63,US,1699543359
345,geraldton,-28.7667,114.6,19.23,72,100,9.77,AU,1699543160
346,ancud,-41.8697,-73.8203,12.09,58,43,1.73,CL,1699543320
347,santana,-0.0583,-51.1817,34.1,55,40,6.17,BR,1699543391
348,monrovia,6.3005,-10.7969,29.87,72,60,3.52,LR,1699543717
349,iskateley,67.6803,53.1512,0.57,100,100,4.02,RU,1699543341
350,urengoy,65.9667,78.3667,-3.41,88,100,8.59,RU,1699543717
351,banamba,13.55,-7.45,36.58,15,94,2.15,ML,1699543717
352,manismata,-2.4667,111.0333,23.99,96,96,0.39,ID,1699543718
353,kiama,-34.6833,150.8667,17.54,92,98,0.89,AU,1699543718
354,yeniseysk,58.4497,92.1703,-8.36,70,6,4.02,RU,1699543718
355,ungsang-nodongjagu,42.3578,130.4622,0.72,58,44,11.96,KP,1699543719
356,andergrove,-21.0833,149.1833,18.69,73,1,3.19,AU,1699543719
357,timbuktu,16.7735,-3.0074,34.8,11,1,3.03,ML,1699543258
358,kivertsi,50.8343,25.4582,8.41,71,10,3.19,UA,1699543719
359,la mira,18.035,-102.3266,27.14,78,74,1.35,MX,1699543720
360,alice springs,-23.7,133.8833,18.75,48,76,0.0,AU,1699543344
361,dudinka,69.4058,86.1778,-5.18,90,100,12.52,RU,1699543197
362,novouzensk,50.4592,48.1431,9.64,72,100,10.22,RU,1699543720
363,magadan,59.5667,150.8,-18.58,81,3,3.03,RU,1699543720
364,palompon,11.0508,124.3843,26.57,84,0,2.58,PH,1699543721
365,san patricio,28.017,-97.5169,27.92,77,100,4.49,US,1699543239
366,semdinli,37.3051,44.5742,16.02,51,100,3.16,TR,1699543721
367,taroa,8.7058,171.2275,25.87,93,100,6.7,MH,1699543721
368,mili,6.0815,171.735,25.43,96,100,3.5,MH,1699543721
369,urucui,-7.2294,-44.5561,36.54,33,2,4.34,BR,1699543722
370,piacabucu,-10.4056,-36.4344,29.68,54,43,6.2,BR,1699543722
371,badger,64.8,-147.5333,3.14,63,100,5.66,US,1699543211
372,hobyo,5.3505,48.5268,27.66,77,88,8.51,SO,1699543250
373,labytnangi,66.6572,66.4183,-2.4,97,100,2.78,RU,1699543230
374,choyr,46.3611,108.3611,-19.97,88,4,1.67,MN,1699543723
375,palikir - national government center,6.9248,158.1611,26.41,89,100,3.09,FM,1699543347
376,grand falls-windsor,48.9332,-55.6649,2.5,92,100,4.02,CA,1699543408
377,moab,38.5733,-109.5498,1.45,56,0,1.15,US,1699543441
378,kudahuvadhoo,2.6708,72.8944,28.29,70,59,2.36,MV,1699543723
379,fort st. john,56.2499,-120.8529,-2.06,86,75,5.14,CA,1699543057
380,swakopmund,-22.6833,14.5333,18.88,74,16,2.68,NA,1699543356
381,plouguerneau,48.6,-4.5,10.23,87,75,5.66,FR,1699543599
382,babol,36.5513,52.679,16.04,55,7,1.43,IR,1699543724
383,manavalakurichi,8.1333,77.3,26.92,82,99,2.05,IN,1699543724
384,horta,38.5333,-28.6333,20.8,94,75,9.39,PT,1699543725
385,guaruja,-23.9931,-46.2564,29.91,26,0,2.68,BR,1699543725
386,dewas,22.9667,76.0667,24.1,41,0,2.83,IN,1699543725
387,las tablas,7.7667,-80.2833,28.77,75,100,4.81,PA,1699543372
388,mizdah,31.4451,12.9801,24.86,39,0,4.14,LY,1699543725
389,saint-pierre,-21.3393,55.4781,25.82,73,0,1.54,RE,1699543303
390,qianzhou,28.3167,109.7167,16.38,90,100,3.58,CN,1699543726
391,frontignan,43.4485,3.754,16.97,70,100,6.77,FR,1699543726
392,shizuishan,39.2333,106.7694,-2.05,24,68,3.67,CN,1699543726
393,gorno-altaysk,51.9561,85.955,0.29,84,90,1.34,RU,1699543727
394,jayapura,-2.5333,140.7,25.4,87,100,3.38,ID,1699543727
395,buckeye,33.3703,-112.5838,19.45,29,0,1.54,US,1699543448
396,gebeit,21.0667,36.3167,21.65,68,33,9.08,SD,1699543727
397,zambezi,-13.5432,23.1047,28.64,44,90,1.43,ZM,1699543727
398,sao jose da coroa grande,-8.8978,-35.1478,29.06,53,24,5.56,BR,1699543362
399,fountain,38.6822,-104.7008,4.36,80,75,5.14,US,1699543728
400,knyaze-volkonskoye,48.4642,135.4567,-5.0,92,100,2.24,RU,1699543418
401,puerto baquerizo moreno,-0.9,-89.6,24.55,94,100,6.17,EC,1699543376
402,jiaojiang,28.6803,121.4428,20.0,97,100,0.61,CN,1699543728
403,nuuk,64.1835,-51.7216,-2.66,80,75,3.09,GL,1699543729
404,kapuskasing,49.4169,-82.4331,-2.95,93,100,4.12,CA,1699543274
405,cidreira,-30.1811,-50.2056,18.53,94,100,4.93,BR,1699543394
406,namsos,64.4662,11.4957,4.03,75,0,4.63,NO,1699543729
407,yuncheng,35.0231,110.9928,10.31,45,97,2.9,CN,1699543730
408,taguatinga,-12.3857,-46.5711,36.6,25,27,2.23,BR,1699543730
409,jiangzi,28.95,89.6333,-1.2,51,21,3.11,CN,1699543730
410,hanzhong,33.0728,107.0303,14.6,74,100,1.26,CN,1699543730
411,farafangana,-22.8167,47.8333,25.23,83,100,7.29,MG,1699543731
412,kalispell,48.1958,-114.3129,0.98,88,0,0.0,US,1699543731
413,mokhotlong,-29.2894,29.0675,21.02,30,48,7.61,LS,1699543731
414,cosne-cours-sur-loire,47.3333,3.1667,11.34,82,42,8.44,FR,1699543731
415,zhangjiakou,40.81,114.8794,-6.27,30,1,4.64,CN,1699543732
416,midvagur,62.0511,-7.1939,7.46,81,100,7.72,FO,1699543380
417,lianran,24.9227,102.485,12.3,80,4,0.99,CN,1699543732
418,mount pearl,47.5166,-52.7813,6.36,98,100,6.17,CA,1699543302
419,lockwood,45.8191,-108.4149,2.02,61,0,3.6,US,1699543242
420,beacon square,28.2086,-82.7554,27.77,71,33,1.79,US,1699543732
421,mumbwa,-14.9783,27.0619,27.44,44,73,2.84,ZM,1699543733
422,trincomalee,8.5711,81.2335,27.63,79,8,3.18,LK,1699543261
423,zebbug,35.8719,14.4411,21.88,73,40,3.6,MT,1699543733
424,galliano,29.4422,-90.2992,26.0,73,0,3.09,US,1699543733
425,klaksvik,62.2266,-6.589,7.51,88,98,14.1,FO,1699543253
426,conduaga,8.862,117.4893,26.49,85,48,1.06,PH,1699543734
427,reggane,26.7158,0.1714,34.02,12,38,6.71,DZ,1699543368
428,dakhla,23.6848,-15.958,20.63,72,0,8.69,EH,1699543734
429,nanlong,31.3533,106.0631,18.15,77,48,1.89,CN,1699543735
430,tangalle,6.024,80.7911,24.09,94,100,3.41,LK,1699543735
431,doctor juan leon mallorquin,-25.4,-55.2667,22.85,88,100,3.05,PY,1699543736
432,mastic beach,40.7668,-72.8521,13.88,83,100,3.09,US,1699543737
433,acajutla,13.5928,-89.8275,29.23,66,53,0.72,SV,1699543738
434,urumqi,43.801,87.6005,3.53,42,0,1.0,CN,1699543738
435,aginskoye,51.1,114.53,-14.52,94,83,2.2,RU,1699543739
436,shindand,33.3029,62.1474,14.1,35,0,6.53,AF,1699543739
437,tofol,5.3248,163.0078,28.27,80,100,6.37,FM,1699543308
438,pemba,-12.974,40.5178,28.39,78,40,6.17,MZ,1699543739
439,swidwin,53.7746,15.7767,9.98,62,100,6.87,PL,1699543739
440,maues,-3.3836,-57.7186,36.87,33,6,2.06,BR,1699543740
441,arar,30.9753,41.0381,26.01,15,0,2.06,SA,1699543740
442,nouadhibou,20.931,-17.0347,22.99,60,17,7.2,MR,1699543256
443,amos,48.5669,-78.1162,-3.95,92,100,3.43,CA,1699543740
444,murudeshwara,14.0943,74.4845,26.36,85,71,0.89,IN,1699543741
445,quixeramobim,-5.1992,-39.2928,36.01,25,0,4.39,BR,1699543677
446,sinnar,13.5691,33.5672,34.04,36,60,2.78,SD,1699543741
447,riyadh,24.6877,46.7219,26.08,23,0,2.99,SA,1699543653
448,lichinga,-13.3128,35.2406,25.05,61,75,4.63,MZ,1699543741
449,aqadyr,48.2553,72.8483,5.7,71,100,7.2,KZ,1699543742
450,freetown,8.484,-13.2299,28.85,70,100,3.77,SL,1699543743
451,tocopilla,-22.092,-70.1979,21.11,66,89,0.96,CL,1699543743
452,medvezh'yegorsk,62.9167,34.4667,-1.44,85,84,1.42,RU,1699543743
453,maebaru-chuo,33.55,130.2,18.82,91,100,2.19,JP,1699543744
454,sandakan,5.8402,118.1179,26.82,94,20,1.54,MY,1699543744
455,tura,25.5198,90.2201,18.57,69,7,1.43,IN,1699543251
456,queenstown,-31.8976,26.8753,24.14,35,2,6.32,ZA,1699543223
457,olinda,-8.0089,-34.8553,29.85,62,20,5.66,BR,1699543745
458,melfort,52.8667,-104.6177,-1.93,93,100,4.63,CA,1699543628
459,le port,-20.9373,55.2919,26.0,98,94,2.21,RE,1699543745
460,roma,43.2128,-75.4557,9.93,93,100,3.6,US,1699543746
461,zhosaly,45.4878,64.0781,10.18,66,9,3.17,KZ,1699543746
462,mramani,-12.3464,44.5286,27.05,79,15,3.25,KM,1699543746
463,azul,-36.777,-59.8585,21.8,28,4,2.7,AR,1699543275
464,paciran,-6.8767,112.3761,27.16,76,100,2.32,ID,1699543747
465,karacasu,37.7282,28.6057,17.8,63,7,2.19,TR,1699543747
466,calama,-22.4667,-68.9333,25.27,10,0,7.2,CL,1699543747
467,shush,32.1942,48.2436,26.84,26,0,1.9,IR,1699543748
468,ar rutbah,33.0381,40.2848,23.41,23,3,1.23,IQ,1699543748
469,imperatriz,-5.5264,-47.4917,34.48,37,100,2.49,BR,1699543748
470,sao tome,0.3365,6.7273,25.41,90,97,3.18,ST,1699543749
471,manicore,-5.8092,-61.3003,37.55,34,19,1.87,BR,1699543749
472,ujae,8.9322,165.7642,28.32,79,98,9.49,MH,1699543749
473,rio claro,-22.4114,-47.5614,35.22,41,9,3.13,BR,1699543749
474,yonggang-up,38.8561,125.4244,2.52,52,84,8.77,KP,1699543750
475,mejit,10.2753,170.8646,27.88,81,100,9.78,MH,1699543750
476,kannangad,12.3081,75.1063,25.71,86,86,1.74,IN,1699543751
477,luderitz,-26.6481,15.1594,24.51,50,0,7.97,NA,1699543357
478,timbiqui,2.7717,-77.6654,28.68,78,100,1.64,CO,1699543751
479,egersund,58.4513,5.9997,8.38,85,98,4.64,NO,1699543751
480,bridgewater,44.3835,-64.5155,4.23,76,84,7.2,CA,1699543360
481,opuwo,-18.0607,13.84,37.29,10,21,3.22,NA,1699543220
482,plastun,44.7561,136.2939,4.6,93,100,2.58,RU,1699543752
483,darwin,-12.4611,130.8418,28.99,71,40,3.09,AU,1699543752
484,boa vista,2.8197,-60.6733,31.99,58,40,4.63,BR,1699543753
485,kristiansund,63.1115,7.732,7.03,61,0,2.06,NO,1699543210
486,elko,41.0002,-115.5012,-9.99,62,0,0.4,US,1699543753
487,warrnambool,-38.3833,142.4833,10.48,90,16,3.0,AU,1699543532
488,spring creek,40.7266,-115.5859,-10.17,56,0,0.39,US,1699543754
489,nago,26.5881,127.9761,26.24,89,47,3.67,JP,1699543382
490,antonio enes,-16.2325,39.9086,27.8,75,62,3.56,MZ,1699543754
491,si bun rueang,16.9667,102.2833,26.34,75,39,1.36,TH,1699543754
492,tanaina,61.6269,-149.4281,0.79,95,100,3.09,US,1699543755
493,camacupa,-12.0167,17.4833,25.81,48,96,1.8,AO,1699543755
494,papao,-17.75,-149.55,22.82,84,36,8.08,PF,1699543384
495,mermoz boabab,14.7065,-17.4758,32.31,51,72,5.14,SN,1699543756
496,gustavsberg,59.3268,18.3898,8.43,97,100,6.17,SE,1699543756
497,flekkefjord,58.2971,6.6607,7.19,90,100,1.71,NO,1699543757
498,shambu,9.5667,37.1,13.25,81,19,1.12,ET,1699543757
499,zhuji,29.7188,120.2423,16.95,95,100,1.04,CN,1699543757
500,east london,-33.0153,27.9116,21.52,68,75,2.06,ZA,1699543758
501,dryden,49.7833,-92.7503,-0.84,93,100,3.09,CA,1699543758
502,salzburg,47.7994,13.044,10.06,82,0,1.54,AT,1699543758
503,rosario do sul,-30.2583,-54.9142,18.81,92,100,5.82,BR,1699543759
504,miasskoye,55.2784,61.8905,3.26,85,77,2.84,RU,1699543760
505,princeville,45.7668,-61.2985,8.69,89,75,5.14,CA,1699543760
506,camaguey,21.3808,-77.9169,29.19,74,40,6.69,CU,1699543761
507,howrah,22.5892,88.3103,26.0,69,31,0.0,IN,1699543761
508,port augusta,-32.5,137.7667,26.81,26,6,4.89,AU,1699543761
509,mount gambier,-37.8333,140.7667,9.61,97,97,2.22,AU,1699543360
510,south hedland,-20.4089,118.5983,26.96,83,4,3.6,AU,1699543762
511,bardai,11.65,7.2333,33.77,14,45,1.91,NG,1699543390
512,chernyshevskiy,63.0128,112.4714,-14.07,81,94,4.18,RU,1699543763
513,charlottetown,46.2352,-63.1267,6.54,86,75,9.77,CA,1699543590
514,novaya igirma,57.1334,103.9112,-15.16,97,65,0.3,RU,1699543763
515,granville,-33.8333,151.0167,17.99,93,100,1.32,AU,1699543764
516,formosa,-26.1775,-58.1781,27.99,78,100,4.12,AR,1699543649
517,charlestown,-32.95,151.6667,18.71,95,100,1.75,AU,1699543764
518,taro,-8.3862,115.28,23.0,95,100,0.41,ID,1699543764
519,kidal,18.4411,1.4078,35.31,7,72,4.76,ML,1699543765
520,vitoria da conquista,-14.8661,-40.8394,29.91,33,2,2.52,BR,1699543753
521,sosnovka,56.255,51.2842,5.4,92,100,2.68,RU,1699543765
522,baffa,34.4378,73.2194,12.94,79,61,2.25,PK,1699543766
523,morehead city,34.7229,-76.726,22.8,77,0,5.66,US,1699543766
524,beau vallon,-20.4189,57.6953,26.23,78,40,4.63,MU,1699543766
525,murashi,59.3999,48.9615,3.69,94,99,1.56,RU,1699543767
526,ola,59.5833,151.2833,-18.46,85,2,4.52,RU,1699543382
527,sorong,-0.8833,131.25,26.59,83,100,2.66,ID,1699543767
528,guane,22.2025,-84.0875,27.04,70,21,4.71,CU,1699543767
529,okahao,-17.885,15.0667,37.37,12,5,3.59,NA,1699543768
530,mugia,43.1041,-9.2179,14.39,74,100,7.69,ES,1699543768
531,kijang,35.2442,129.2139,13.85,71,100,2.69,KR,1699543768
532,oxford,51.7522,-1.256,10.59,79,75,5.14,GB,1699543730
533,tan-tan,28.438,-11.1032,23.97,53,52,7.2,MA,1699543769
534,puerto san jose,13.9256,-90.8244,27.77,78,72,1.43,GT,1699543635
535,darab,28.7519,54.5444,19.98,27,0,0.18,IR,1699543770
536,norfolk,42.1668,-71.2495,4.14,89,100,0.0,US,1699543658
537,bam,29.106,58.357,20.38,32,0,2.99,IR,1699543770
538,new castle,41.0037,-80.347,12.01,83,100,3.6,US,1699543770
539,waimea,20.0231,-155.6717,18.03,92,0,0.89,US,1699543771
540,komotini,41.1228,25.3964,17.81,39,0,2.55,GR,1699543771
541,duliagaon,27.3667,95.3167,18.22,89,6,1.05,IN,1699543772
542,chipinge,-20.1883,32.6236,23.29,57,73,3.3,ZW,1699543772
543,ciudad lazaro cardenas,17.9583,-102.2,27.17,79,83,1.76,MX,1699543772
544,liezen,47.5667,14.2333,5.37,83,100,2.06,AT,1699543772
545,belyy yar,53.6039,91.3903,-15.06,85,19,1.0,RU,1699543284
546,chiang saen,20.2751,100.0869,25.13,91,10,0.18,TH,1699543584
547,dzuunharaa,48.8523,106.4579,-16.05,88,4,1.48,MN,1699543773
548,nova londrina,-22.7658,-52.985,37.66,28,95,4.31,BR,1699543774
549,el granada,37.5027,-122.4694,13.05,68,20,0.0,US,1699543400
550,taco pozo,-25.6167,-63.2833,22.91,80,100,3.72,AR,1699543774
551,shubarshi,48.5872,57.1869,8.41,62,68,3.39,KZ,1699543775
552,izazi,-7.2,35.7333,33.2,27,26,7.35,TZ,1699543775
553,mitu,1.1983,-70.1733,29.8,70,90,0.8,CO,1699543397
554,papa,47.33,17.4674,12.96,62,75,7.2,HU,1699543776
555,kuala belait,4.5833,114.1833,26.09,88,92,1.27,BN,1699543350
556,loen,7.7601,168.2307,26.57,91,100,7.79,MH,1699543776
557,kara,9.5511,1.1861,31.03,29,99,1.28,TG,1699543776
558,sampacho,-33.3839,-64.7221,26.3,20,17,8.99,AR,1699543777
559,chibougamau,49.9168,-74.3659,-9.21,86,75,4.12,CA,1699543777
560,arraial do cabo,-22.9661,-42.0278,30.92,51,0,9.77,BR,1699543230
561,el porvenir,13.7617,-87.3458,25.63,68,84,1.47,HN,1699543778
562,holualoa,19.6228,-155.9522,21.91,85,0,4.12,US,1699543301
